{
  "main": "{ \"class\": \"GraphLinksModel\",\n  \"nodeDataArray\": [\n{\"text\":\"\\u05de\\u05d4 \\u05d9\\u05e2\\u05e9\\u05d4 \\u05d0\\u05d5\\u05ea\\u05d9 \\u05de\\u05d0\\u05d5\\u05e9\\u05e8 \\u05d9\\u05d5\\u05ea\\u05e8\",\"fill\":\"#b45309\",\"stroke\":\"#f59e0b\",\"shape\":\"RoundedRectangle\",\"fontSize\":17,\"loc\":\"350.01397414875737 822.7093921099868\",\"key\":-1,\"isGoal\":false},\n{\"text\":\"\\u05d1\\u05d8\\u05d7\\u05d5\\u05df \\u05db\\u05dc\\u05db\\u05dc\\u05d9\",\"fill\":\"#1e3a8a\",\"stroke\":\"#3b82f6\",\"shape\":\"RoundedRectangle\",\"fontSize\":17,\"loc\":\"661.9439991484036 381.80913754058514\",\"key\":-2,\"isGoal\":false},\n{\"text\":\"\\u05e7\\u05e8\\u05df \\u05d1\\u05d8\\u05d7\\u05d5\\u05df \\u05e9\\u05dc \\u05d7\\u05e6\\u05d9 \\u05e9\\u05e0\\u05d4\",\"fill\":\"#1e3a8a\",\"stroke\":\"#3b82f6\",\"shape\":\"RoundedRectangle\",\"fontSize\":17,\"loc\":\"1052.941904454549 87.17929383392874\",\"key\":-3,\"isGoal\":false},\n{\"text\":\"\\u05d1\\u05e8\\u05d9\\u05d0\\u05d5\\u05ea \\u05d5\\u05db\\u05d5\\u05e9\\u05e8\",\"fill\":\"#2d3748\",\"stroke\":\"#4a5568\",\"shape\":\"RoundedRectangle\",\"fontSize\":17,\"loc\":\"-113.85356014271531 1026.8818574043773\",\"key\":-4,\"isGoal\":false},\n{\"text\":\"\\u05d7\\u05d5\\u05e4\\u05e9 \\u05db\\u05dc\\u05db\\u05dc\\u05d9\",\"fill\":\"#1e3a8a\",\"stroke\":\"#3b82f6\",\"shape\":\"RoundedRectangle\",\"fontSize\":17,\"loc\":\"597.6177218008729 -41.485415178348035\",\"key\":-5,\"isGoal\":false},\n{\"text\":\"4-5 \\u05d0\\u05d9\\u05de\\u05d5\\u05e0\\u05d9\\u05dd \\u05d1\\u05e9\\u05d1\\u05d5\\u05e2\",\"fill\":\"#2d3748\",\"stroke\":\"#4a5568\",\"shape\":\"RoundedRectangle\",\"fontSize\":17,\"loc\":\"-345.68016933322764 1369.4474405553788\",\"key\":-6,\"workPlan\":\"\\u05de\\u05d8\\u05e8\\u05ea \\u05e2\\u05dc : \\u05dc\\u05d4\\u05d2\\u05d9\\u05e2 \\u05dc4 \\u05d0\\u05d9\\u05de\\u05d5\\u05e0\\u05d9 \\u05db\\u05d5\\u05e9\\u05e8 + \\u05e4\\u05d0\\u05d3\\u05dc\\n\",\"isBold\":true,\"isGoal\":true,\"dashboardOrder\":2,\"isHighlighted\":true,\"textColor\":\"#ffffff\",\"grandGoal\":\"\\u05dc\\u05d4\\u05ea\\u05d0\\u05de\\u05df 4 \\u05d0\\u05d9\\u05de\\u05d5\\u05e0\\u05d9\\u05dd \\u05d1\\u05e9\\u05d1\\u05d5\\u05e2 + 1 \\u05d0\\u05d9\\u05e8\\u05d5\\u05d1\\u05d9(\\u05e4\\u05d0\\u05d3\\u05dc)\",\"milestoneGoal\":\"\\u05dc\\u05d4\\u05ea\\u05d0\\u05de\\u05df 3 \\u05d0\\u05d9\\u05de\\u05d5\\u05e0\\u05d9 \\u05db\\u05d7 \\u05d1\\u05e9\\u05d1\\u05d5\\u05e2 +1 \\u05d0\\u05d9\\u05e8\\u05d5\\u05d1\\u05d9(\\u05e4\\u05d0\\u05d3\\u05dc)\",\"currentStatus\":\"\",\"isQuantitative\":true,\"targetValue\":5,\"currentValue\":3,\"unit\":\"\",\"monthlyGoal\":\"\",\"monthlyGoalDate\":\"\",\"weeklyGoal\":\"\\u05e4\\u05d0\\u05d3\\u05dc+3 \\u05d0\\u05d9\\u05de\\u05d5\\u05e0\\u05d9\\u05dd \\u05d1\\u05e9\\u05d1\\u05d5\\u05e2\",\"weeklyGoalDate\":\"2026-06-06\",\"monthlyTasks\":[],\"weeklyTasks\":[{\"text\":\"\\u05e4\\u05d0\\u05d3\\u05dc\",\"completed\":true},{\"text\":\"\\u05d0\\u05d9\\u05de\\u05d5\\u05df 1\",\"completed\":true},{\"text\":\"\\u05d0\\u05d9\\u05de\\u05d5\\u05df 2\",\"completed\":false},{\"text\":\"\\u05d0\\u05d9\\u05de\\u05d5\\u05df 3\",\"completed\":false}],\"insights\":\"\",\"completed\":false},\n{\"text\":\"\\u05e6\\u05de\\u05e6\\u05d5\\u05dd \\u05d4\\u05e1\\u05d7\\u05d5\\u05ea \\u05d3\\u05e2\\u05d4\",\"fill\":\"#065f46\",\"stroke\":\"#10b981\",\"shape\":\"RoundedRectangle\",\"fontSize\":17,\"loc\":\"780.1278172180108 925.885282750014\",\"key\":-7,\"isGoal\":false},\n{\"text\":\"\\u05e1\\u05d3\\u05e8 \\u05d5\\u05d0\\u05e8\\u05d2\\u05d5\\u05df\",\"fill\":\"#0f766e\",\"stroke\":\"#14b8a6\",\"shape\":\"RoundedRectangle\",\"fontSize\":17,\"loc\":\"22.423152650941702 480.2327050353984\",\"key\":-8,\"isGoal\":false},\n{\"text\":\"\\u05de\\u05e2\\u05e8\\u05db\\u05d5\\u05ea \\u05d9\\u05d7\\u05e1\\u05d9\\u05dd\",\"fill\":\"#a21caf\",\"stroke\":\"#d946ef\",\"shape\":\"RoundedRectangle\",\"fontSize\":17,\"loc\":\"406.8722063941517 1293.0432510122005\",\"key\":-9,\"isGoal\":false},\n{\"text\":\"\\u05e9\\u05d9\\u05e4\\u05d5\\u05e8 \\u05de\\u05e2\\u05e8\\u05db\\u05d5\\u05ea \\u05d4\\u05d9\\u05d7\\u05e1\\u05d9\\u05dd\",\"fill\":\"#a21caf\",\"stroke\":\"#d946ef\",\"shape\":\"RoundedRectangle\",\"fontSize\":17,\"loc\":\"784.6819788135539 1496.6212115984192\",\"key\":-10,\"workPlan\":\"\\u05d7\\u05d1\\u05e8\\u05d9\\u05dd-\\n\\u05de\\u05e9\\u05e4\\u05d7\\u05d4-\",\"isGoal\":false},\n{\"text\":\"\\u05d9\\u05e6\\u05d9\\u05e8\\u05ea \\u05de\\u05e2\\u05e8\\u05db\\u05d5\\u05ea \\u05d9\\u05d7\\u05e1\\u05d9\\u05dd \\u05d7\\u05d3\\u05e9\\u05d5\\u05ea\",\"fill\":\"#a21caf\",\"stroke\":\"#d946ef\",\"shape\":\"RoundedRectangle\",\"fontSize\":17,\"loc\":\"206.85219461690343 1643.2167930000026\",\"key\":-11,\"isGoal\":false},\n{\"text\":\"\\u05ea\\u05d7\\u05d6\\u05d5\\u05e7 \\u05d5\\u05e9\\u05d9\\u05e4\\u05d5\\u05e8 \\u05d4\\u05d6\\u05d5\\u05d2\\u05d9\\u05d5\\u05ea\",\"fill\":\"#a21caf\",\"stroke\":\"#d946ef\",\"shape\":\"RoundedRectangle\",\"fontSize\":17,\"loc\":\"497.982360646814 1671.2256932058224\",\"key\":-12,\"isGoal\":false},\n{\"text\":\"\\u05ea\\u05db\\u05e0\\u05d5\\u05df \\u05de\\u05d8\\u05e8\\u05d5\\u05ea \\u05d9\\u05d5\\u05de\\u05d9\\u05d5\\u05ea\",\"fill\":\"#0f766e\",\"stroke\":\"#14b8a6\",\"shape\":\"RoundedRectangle\",\"fontSize\":17,\"loc\":\"-92.9712298520167 119.70408326120825\",\"key\":-13,\"workPlan\":\"\\u05dc\\u05e7\\u05d5\\u05dd \\u05d1\\u05d1\\u05d5\\u05e7\\u05e8 \\u05de\\u05d5\\u05e7\\u05d3\\u05dd \\u05d5\\u05dc\\u05d4\\u05e7\\u05d3\\u05d9\\u05e9 \\u05e8\\u05d1\\u05e2 \\u05e9\\u05e2\\u05d4 \\u05dc\\u05d9\\u05d5\\u05dd \\u05e9\\u05d1\\u05d0\",\"isGoal\":false},\n{\"text\":\"100K \\u05e7\\u05e8\\u05df \\u05d1\\u05d8\\u05d7\\u05d5\\u05df\",\"fill\":\"#1e3a8a\",\"stroke\":\"#3b82f6\",\"shape\":\"RoundedRectangle\",\"fontSize\":17,\"loc\":\"1382.4045480059347 -128.65632768190767\",\"key\":-14,\"workPlan\":\"\\u05de\\u05d8\\u05e8\\u05ea \\u05e2\\u05dc : \\u05dc\\u05d4\\u05d2\\u05d9\\u05e2 \\u05dc100K \\u05e2\\u05d3 \\u05dc\\u05d3\\u05e6\\u05de\\u05d1\\u05e8 2026\\n\\u05de\\u05d8\\u05e8\\u05ea \\u05d1\\u05d9\\u05e0\\u05d9\\u05d9\\u05dd : \\u05e2\\u05d3 \\u05e1\\u05e4\\u05d8\\u05de\\u05d1\\u05e8 2026 80K\\n\\u05de\\u05d8\\u05e8\\u05d4 \\u05d7\\u05d5\\u05d3\\u05e9\\u05d9\\u05ea : 50K\\n\\n\\u05d0\\u05d9\\u05da \\u05dc\\u05d4\\u05d2\\u05d9\\u05e2?\\n\\u05db\\u05dc \\u05d7\\u05d5\\u05d3\\u05e9 \\u05dc\\u05d4\\u05e4\\u05e8\\u05d9\\u05e9 \\u05d1\\u05de\\u05de\\u05d5\\u05e6\\u05e2 X \\u05e9\\u05e7\\u05dc\\u05d9\\u05dd\",\"grandGoal\":\"100K \\u05e2\\u05d3 \\u05e1\\u05e4\\u05d8\\u05de\\u05d1\\u05e8 2027\",\"monthlyGoal\":\"52K\",\"weeklyGoal\":\"52K\",\"insights\":\"\",\"isBold\":true,\"isGoal\":true,\"dashboardOrder\":1,\"isHighlighted\":true,\"milestoneGoal\":\"75K \\u05e2\\u05d3 \\u05d3\\u05e6\\u05de\\u05d1\\u05e8 2026\",\"currentStatus\":\"\",\"isQuantitative\":true,\"targetValue\":100000,\"currentValue\":52052,\"unit\":\"\",\"monthlyGoalDate\":\"2026-06-30\",\"weeklyGoalDate\":\"2026-06-04\",\"monthlyTasks\":[],\"weeklyTasks\":[{\"text\":\"\\u05dc\\u05d4\\u05e2\\u05d1\\u05d9\\u05e8 2000 \\u05e9\\u05e7\\u05dc\\u05d9\\u05dd\",\"completed\":true}],\"completed\":false,\"websiteLink\":\"\"},\n{\"text\":\"9,000,000\",\"fill\":\"#1e3a8a\",\"stroke\":\"#3b82f6\",\"shape\":\"RoundedRectangle\",\"fontSize\":17,\"loc\":\"553.3000939556655 -390.02012463830994\",\"key\":-16,\"isBold\":true,\"isGoal\":true,\"completed\":false,\"dashboardOrder\":0,\"isHighlighted\":true,\"grandGoal\":\"\",\"milestoneGoal\":\"\",\"currentStatus\":\"\",\"isQuantitative\":true,\"targetValue\":9000000,\"currentValue\":745743,\"unit\":\"\",\"monthlyGoal\":\"\",\"monthlyGoalDate\":\"2026-06-30\",\"weeklyGoal\":\"\",\"weeklyGoalDate\":\"\",\"monthlyTasks\":[{\"text\":\"\\u05dc\\u05d4\\u05e9\\u05e7\\u05d9\\u05e2 \\u05e2\\u05d5\\u05d3 5000 \\u05dc\\u05d8\\u05d5\\u05d5\\u05d7 \\u05d0\\u05e8\\u05d5\\u05da\",\"completed\":false},{\"text\":\"\\u05dc\\u05e2\\u05d3\\u05db\\u05df \\u05d1libero\",\"completed\":false}],\"weeklyTasks\":[],\"workPlan\":\"\",\"insights\":\"\",